--
-- Data for Name: strategies; Type: TABLE DATA; Schema: public; Owner: postgres
--

INSERT INTO strategies (id, strategy_id, type, name, created_on, updated_on) VALUES (1, '001', 'BASIC_TA4J_STRATEGY', 'SMA strategy', '2021-03-10 11:27:16.649178', NULL);


--
-- Data for Name: orders; Type: TABLE DATA; Schema: public; Owner: postgres
--

INSERT INTO orders (id, order_id, type, fk_strategy_id, currency_pair, amount_value, amount_currency, average_price_value, average_price_currency, limit_price_value, limit_price_currency, leverage, status, cumulative_amount_value, cumulative_amount_currency, user_reference, timestamp, created_on, updated_on) VALUES (1, '604971cc5220fb0006a671f5', 'BID', 1, 'BTC/USDT', 0.00100000, 'BTC', NULL, NULL, NULL, NULL, NULL, 'PENDING_NEW', NULL, NULL, NULL, '2021-03-11 01:26:36.168955', '2021-03-11 01:26:37.936573', NULL);
INSERT INTO orders (id, order_id, type, fk_strategy_id, currency_pair, amount_value, amount_currency, average_price_value, average_price_currency, limit_price_value, limit_price_currency, leverage, status, cumulative_amount_value, cumulative_amount_currency, user_reference, timestamp, created_on, updated_on) VALUES (2, '60499c005220fb0006560521', 'BID', 1, 'BTC/USDT', 0.00100000, 'BTC', NULL, NULL, NULL, NULL, NULL, 'PENDING_NEW', NULL, NULL, NULL, '2021-03-11 04:26:41.114238', '2021-03-11 04:26:41.317838', NULL);
INSERT INTO orders (id, order_id, type, fk_strategy_id, currency_pair, amount_value, amount_currency, average_price_value, average_price_currency, limit_price_value, limit_price_currency, leverage, status, cumulative_amount_value, cumulative_amount_currency, user_reference, timestamp, created_on, updated_on) VALUES (3, '6049aa123d457c0006e2148f', 'BID', 1, 'BTC/USDT', 0.00100000, 'BTC', NULL, NULL, NULL, NULL, NULL, 'PENDING_NEW', NULL, NULL, NULL, '2021-03-11 05:26:42.860941', '2021-03-11 05:26:44.736168', NULL);
INSERT INTO orders (id, order_id, type, fk_strategy_id, currency_pair, amount_value, amount_currency, average_price_value, average_price_currency, limit_price_value, limit_price_currency, leverage, status, cumulative_amount_value, cumulative_amount_currency, user_reference, timestamp, created_on, updated_on) VALUES (4, '6049b823ceb2bf0006fedc9e', 'BID', 1, 'BTC/USDT', 0.00100000, 'BTC', NULL, NULL, NULL, NULL, NULL, 'PENDING_NEW', NULL, NULL, NULL, '2021-03-11 06:26:43.520636', '2021-03-11 06:26:43.569009', NULL);
INSERT INTO orders (id, order_id, type, fk_strategy_id, currency_pair, amount_value, amount_currency, average_price_value, average_price_currency, limit_price_value, limit_price_currency, leverage, status, cumulative_amount_value, cumulative_amount_currency, user_reference, timestamp, created_on, updated_on) VALUES (5, '6049c6359c94920006250147', 'BID', 1, 'BTC/USDT', 0.00100000, 'BTC', NULL, NULL, NULL, NULL, NULL, 'PENDING_NEW', NULL, NULL, NULL, '2021-03-11 07:26:45.667566', '2021-03-11 07:26:45.877248', NULL);
INSERT INTO orders (id, order_id, type, fk_strategy_id, currency_pair, amount_value, amount_currency, average_price_value, average_price_currency, limit_price_value, limit_price_currency, leverage, status, cumulative_amount_value, cumulative_amount_currency, user_reference, timestamp, created_on, updated_on) VALUES (6, '604a64095446ca0006f26c32', 'ASK', 1, 'BTC/USDT', 0.00100000, 'BTC', NULL, NULL, NULL, NULL, NULL, 'PENDING_NEW', NULL, NULL, NULL, '2021-03-11 18:40:09.38129', '2021-03-11 18:40:11.112641', NULL);
INSERT INTO orders (id, order_id, type, fk_strategy_id, currency_pair, amount_value, amount_currency, average_price_value, average_price_currency, limit_price_value, limit_price_currency, leverage, status, cumulative_amount_value, cumulative_amount_currency, user_reference, timestamp, created_on, updated_on) VALUES (7, '604a85d5a3c4f500068ea340', 'ASK', 1, 'BTC/USDT', 0.00100000, 'BTC', NULL, NULL, NULL, NULL, NULL, 'PENDING_NEW', NULL, NULL, NULL, '2021-03-11 21:04:22.032859', '2021-03-11 21:04:22.16791', NULL);
INSERT INTO orders (id, order_id, type, fk_strategy_id, currency_pair, amount_value, amount_currency, average_price_value, average_price_currency, limit_price_value, limit_price_currency, leverage, status, cumulative_amount_value, cumulative_amount_currency, user_reference, timestamp, created_on, updated_on) VALUES (8, '604a85e0ceb2bf0006af96a4', 'ASK', 1, 'BTC/USDT', 0.00100000, 'BTC', NULL, NULL, NULL, NULL, NULL, 'PENDING_NEW', NULL, NULL, NULL, '2021-03-11 21:04:32.9075', '2021-03-11 21:04:34.63271', NULL);
INSERT INTO orders (id, order_id, type, fk_strategy_id, currency_pair, amount_value, amount_currency, average_price_value, average_price_currency, limit_price_value, limit_price_currency, leverage, status, cumulative_amount_value, cumulative_amount_currency, user_reference, timestamp, created_on, updated_on) VALUES (9, '604a97d25446ca0006b2b7e7', 'ASK', 1, 'BTC/USDT', 0.00100000, 'BTC', NULL, NULL, NULL, NULL, NULL, 'PENDING_NEW', NULL, NULL, NULL, '2021-03-11 22:21:06.551929', '2021-03-11 22:21:06.611982', NULL);
INSERT INTO orders (id, order_id, type, fk_strategy_id, currency_pair, amount_value, amount_currency, average_price_value, average_price_currency, limit_price_value, limit_price_currency, leverage, status, cumulative_amount_value, cumulative_amount_currency, user_reference, timestamp, created_on, updated_on) VALUES (10, '604aa09a4f465f0006b24543', 'ASK', 1, 'BTC/USDT', 0.00100000, 'BTC', NULL, NULL, NULL, NULL, NULL, 'PENDING_NEW', NULL, NULL, NULL, '2021-03-11 22:58:34.200401', '2021-03-11 22:58:36.507778', NULL);
INSERT INTO orders (id, order_id, type, fk_strategy_id, currency_pair, amount_value, amount_currency, average_price_value, average_price_currency, limit_price_value, limit_price_currency, leverage, status, cumulative_amount_value, cumulative_amount_currency, user_reference, timestamp, created_on, updated_on) VALUES (11, '604ab38e90af2b00062328cb', 'BID', 1, 'BTC/USDT', 0.00100000, 'BTC', NULL, NULL, NULL, NULL, NULL, 'PENDING_NEW', NULL, NULL, NULL, '2021-03-12 00:19:26.267907', '2021-03-12 00:19:28.064176', NULL);
INSERT INTO orders (id, order_id, type, fk_strategy_id, currency_pair, amount_value, amount_currency, average_price_value, average_price_currency, limit_price_value, limit_price_currency, leverage, status, cumulative_amount_value, cumulative_amount_currency, user_reference, timestamp, created_on, updated_on) VALUES (12, '604ac19e18e3d300064c601b', 'BID', 1, 'BTC/USDT', 0.00100000, 'BTC', NULL, NULL, NULL, NULL, NULL, 'PENDING_NEW', NULL, NULL, NULL, '2021-03-12 01:19:26.608127', '2021-03-12 01:19:26.812244', NULL);
INSERT INTO orders (id, order_id, type, fk_strategy_id, currency_pair, amount_value, amount_currency, average_price_value, average_price_currency, limit_price_value, limit_price_currency, leverage, status, cumulative_amount_value, cumulative_amount_currency, user_reference, timestamp, created_on, updated_on) VALUES (13, '604acfafceb2bf0006d3eda9', 'BID', 1, 'BTC/USDT', 0.00100000, 'BTC', NULL, NULL, NULL, NULL, NULL, 'PENDING_NEW', NULL, NULL, NULL, '2021-03-12 02:19:27.744044', '2021-03-12 02:19:29.595521', NULL);
INSERT INTO orders (id, order_id, type, fk_strategy_id, currency_pair, amount_value, amount_currency, average_price_value, average_price_currency, limit_price_value, limit_price_currency, leverage, status, cumulative_amount_value, cumulative_amount_currency, user_reference, timestamp, created_on, updated_on) VALUES (14, '604addc002385c00065e8ba3', 'BID', 1, 'BTC/USDT', 0.00100000, 'BTC', NULL, NULL, NULL, NULL, NULL, 'PENDING_NEW', NULL, NULL, NULL, '2021-03-12 03:19:29.122703', '2021-03-12 03:19:29.316196', NULL);
INSERT INTO orders (id, order_id, type, fk_strategy_id, currency_pair, amount_value, amount_currency, average_price_value, average_price_currency, limit_price_value, limit_price_currency, leverage, status, cumulative_amount_value, cumulative_amount_currency, user_reference, timestamp, created_on, updated_on) VALUES (15, '604aebd39c9492000615cd70', 'BID', 1, 'BTC/USDT', 0.00100000, 'BTC', NULL, NULL, NULL, NULL, NULL, 'PENDING_NEW', NULL, NULL, NULL, '2021-03-12 04:19:31.755112', '2021-03-12 04:19:31.954276', NULL);
INSERT INTO orders (id, order_id, type, fk_strategy_id, currency_pair, amount_value, amount_currency, average_price_value, average_price_currency, limit_price_value, limit_price_currency, leverage, status, cumulative_amount_value, cumulative_amount_currency, user_reference, timestamp, created_on, updated_on) VALUES (16, '604af9e602385c0006ca0d2a', 'BID', 1, 'BTC/USDT', 0.00100000, 'BTC', NULL, NULL, NULL, NULL, NULL, 'PENDING_NEW', NULL, NULL, NULL, '2021-03-12 05:19:34.147189', '2021-03-12 05:19:35.958504', NULL);
INSERT INTO orders (id, order_id, type, fk_strategy_id, currency_pair, amount_value, amount_currency, average_price_value, average_price_currency, limit_price_value, limit_price_currency, leverage, status, cumulative_amount_value, cumulative_amount_currency, user_reference, timestamp, created_on, updated_on) VALUES (17, '604b07f6a3c4f500067f005c', 'ASK', 1, 'BTC/USDT', 0.00100000, 'BTC', NULL, NULL, NULL, NULL, NULL, 'PENDING_NEW', NULL, NULL, NULL, '2021-03-12 06:19:34.845306', '2021-03-12 06:19:36.703741', NULL);
INSERT INTO orders (id, order_id, type, fk_strategy_id, currency_pair, amount_value, amount_currency, average_price_value, average_price_currency, limit_price_value, limit_price_currency, leverage, status, cumulative_amount_value, cumulative_amount_currency, user_reference, timestamp, created_on, updated_on) VALUES (18, '604b1609ceb2bf0006e25811', 'BID', 1, 'BTC/USDT', 0.00100000, 'BTC', NULL, NULL, NULL, NULL, NULL, 'PENDING_NEW', NULL, NULL, NULL, '2021-03-12 07:19:38.000784', '2021-03-12 07:19:39.729272', NULL);
INSERT INTO orders (id, order_id, type, fk_strategy_id, currency_pair, amount_value, amount_currency, average_price_value, average_price_currency, limit_price_value, limit_price_currency, leverage, status, cumulative_amount_value, cumulative_amount_currency, user_reference, timestamp, created_on, updated_on) VALUES (19, '604b241be5aaa30006be764f', 'BID', 1, 'BTC/USDT', 0.00100000, 'BTC', NULL, NULL, NULL, NULL, NULL, 'PENDING_NEW', NULL, NULL, NULL, '2021-03-12 08:19:39.830968', '2021-03-12 08:19:41.613229', NULL);
INSERT INTO orders (id, order_id, type, fk_strategy_id, currency_pair, amount_value, amount_currency, average_price_value, average_price_currency, limit_price_value, limit_price_currency, leverage, status, cumulative_amount_value, cumulative_amount_currency, user_reference, timestamp, created_on, updated_on) VALUES (20, '604b322bceb2bf000659234e', 'BID', 1, 'BTC/USDT', 0.00100000, 'BTC', NULL, NULL, NULL, NULL, NULL, 'PENDING_NEW', NULL, NULL, NULL, '2021-03-12 09:19:39.32087', '2021-03-12 09:19:39.489102', NULL);
INSERT INTO orders (id, order_id, type, fk_strategy_id, currency_pair, amount_value, amount_currency, average_price_value, average_price_currency, limit_price_value, limit_price_currency, leverage, status, cumulative_amount_value, cumulative_amount_currency, user_reference, timestamp, created_on, updated_on) VALUES (21, '604b403dceb2bf000690c0a6', 'BID', 1, 'BTC/USDT', 0.00100000, 'BTC', NULL, NULL, NULL, NULL, NULL, 'PENDING_NEW', NULL, NULL, NULL, '2021-03-12 10:19:41.88534', '2021-03-12 10:19:44.017151', NULL);
INSERT INTO orders (id, order_id, type, fk_strategy_id, currency_pair, amount_value, amount_currency, average_price_value, average_price_currency, limit_price_value, limit_price_currency, leverage, status, cumulative_amount_value, cumulative_amount_currency, user_reference, timestamp, created_on, updated_on) VALUES (22, '604b4e4c5220fb000682e8c5', 'BID', 1, 'BTC/USDT', 0.00100000, 'BTC', NULL, NULL, NULL, NULL, NULL, 'PENDING_NEW', NULL, NULL, NULL, '2021-03-12 11:19:40.975811', '2021-03-12 11:19:41.119959', NULL);
INSERT INTO orders (id, order_id, type, fk_strategy_id, currency_pair, amount_value, amount_currency, average_price_value, average_price_currency, limit_price_value, limit_price_currency, leverage, status, cumulative_amount_value, cumulative_amount_currency, user_reference, timestamp, created_on, updated_on) VALUES (23, '604b5c5f18e3d30006babad6', 'BID', 1, 'BTC/USDT', 0.00100000, 'BTC', NULL, NULL, NULL, NULL, NULL, 'PENDING_NEW', NULL, NULL, NULL, '2021-03-12 12:19:43.394409', '2021-03-12 12:19:44.834197', NULL);
INSERT INTO orders (id, order_id, type, fk_strategy_id, currency_pair, amount_value, amount_currency, average_price_value, average_price_currency, limit_price_value, limit_price_currency, leverage, status, cumulative_amount_value, cumulative_amount_currency, user_reference, timestamp, created_on, updated_on) VALUES (24, '604b6a6e3d457c0006630fef', 'BID', 1, 'BTC/USDT', 0.00100000, 'BTC', NULL, NULL, NULL, NULL, NULL, 'PENDING_NEW', NULL, NULL, NULL, '2021-03-12 13:19:43.043572', '2021-03-12 13:19:43.217489', NULL);
INSERT INTO orders (id, order_id, type, fk_strategy_id, currency_pair, amount_value, amount_currency, average_price_value, average_price_currency, limit_price_value, limit_price_currency, leverage, status, cumulative_amount_value, cumulative_amount_currency, user_reference, timestamp, created_on, updated_on) VALUES (25, '604b78815220fb00066aaeab', 'BID', 1, 'BTC/USDT', 0.00100000, 'BTC', NULL, NULL, NULL, NULL, NULL, 'PENDING_NEW', NULL, NULL, NULL, '2021-03-12 14:19:45.701905', '2021-03-12 14:19:47.519276', NULL);
INSERT INTO orders (id, order_id, type, fk_strategy_id, currency_pair, amount_value, amount_currency, average_price_value, average_price_currency, limit_price_value, limit_price_currency, leverage, status, cumulative_amount_value, cumulative_amount_currency, user_reference, timestamp, created_on, updated_on) VALUES (26, '604b8693a3c4f50006d8f48c', 'BID', 1, 'BTC/USDT', 0.00100000, 'BTC', NULL, NULL, NULL, NULL, NULL, 'PENDING_NEW', NULL, NULL, NULL, '2021-03-12 15:19:47.771971', '2021-03-12 15:19:49.559742', NULL);
INSERT INTO orders (id, order_id, type, fk_strategy_id, currency_pair, amount_value, amount_currency, average_price_value, average_price_currency, limit_price_value, limit_price_currency, leverage, status, cumulative_amount_value, cumulative_amount_currency, user_reference, timestamp, created_on, updated_on) VALUES (27, '604baa49e5aaa30006491dff', 'BID', 1, 'BTC/USDT', 0.00100000, 'BTC', NULL, NULL, NULL, NULL, NULL, 'PENDING_NEW', NULL, NULL, NULL, '2021-03-12 17:52:09.248063', '2021-03-12 17:52:11.308309', NULL);
INSERT INTO orders (id, order_id, type, fk_strategy_id, currency_pair, amount_value, amount_currency, average_price_value, average_price_currency, limit_price_value, limit_price_currency, leverage, status, cumulative_amount_value, cumulative_amount_currency, user_reference, timestamp, created_on, updated_on) VALUES (28, '604bb85c4ea78a000672df3d', 'ASK', 1, 'BTC/USDT', 0.00100000, 'BTC', NULL, NULL, NULL, NULL, NULL, 'PENDING_NEW', NULL, NULL, NULL, '2021-03-12 18:52:12.699739', '2021-03-12 18:52:12.724106', NULL);
INSERT INTO orders (id, order_id, type, fk_strategy_id, currency_pair, amount_value, amount_currency, average_price_value, average_price_currency, limit_price_value, limit_price_currency, leverage, status, cumulative_amount_value, cumulative_amount_currency, user_reference, timestamp, created_on, updated_on) VALUES (29, '604bc66d4f465f0006b82903', 'BID', 1, 'BTC/USDT', 0.00100000, 'BTC', NULL, NULL, NULL, NULL, NULL, 'PENDING_NEW', NULL, NULL, NULL, '2021-03-12 19:52:13.945002', '2021-03-12 19:52:15.733452', NULL);


--
-- Data for Name: positions; Type: TABLE DATA; Schema: public; Owner: postgres
--

INSERT INTO positions (id, position_id, type, fk_strategy_id, currency_pair, amount_value, amount_currency, rules_stop_gain_percentage, rules_stop_loss_percentage, status, fk_opening_order_id, fk_closing_order_id, lowest_gain_price_value, lowest_gain_price_currency, highest_gain_price_value, highest_gain_price_currency, latest_gain_price_value, latest_gain_price_currency, created_on, updated_on) VALUES (1, 1, 'LONG', 1, 'BTC/USDT', 0.00100000, 'BTC', 4, 15, 'CLOSED', 1, 6, 54277.30000000, 'USDT', 57446.60000000, 'USDT', 57469.70000000, 'USDT', '2021-03-11 01:26:36.205062', '2021-03-11 18:40:17.849722');
INSERT INTO positions (id, position_id, type, fk_strategy_id, currency_pair, amount_value, amount_currency, rules_stop_gain_percentage, rules_stop_loss_percentage, status, fk_opening_order_id, fk_closing_order_id, lowest_gain_price_value, lowest_gain_price_currency, highest_gain_price_value, highest_gain_price_currency, latest_gain_price_value, latest_gain_price_currency, created_on, updated_on) VALUES (7, 7, 'LONG', 1, 'BTC/USDT', 0.00100000, 'BTC', 4, 15, 'OPENED', 11, NULL, 55048.30000000, 'USDT', 57744.90000000, 'USDT', 57258.40000000, 'USDT', '2021-03-12 00:19:26.26989', '2021-03-12 22:51:36.930321');
INSERT INTO positions (id, position_id, type, fk_strategy_id, currency_pair, amount_value, amount_currency, rules_stop_gain_percentage, rules_stop_loss_percentage, status, fk_opening_order_id, fk_closing_order_id, lowest_gain_price_value, lowest_gain_price_currency, highest_gain_price_value, highest_gain_price_currency, latest_gain_price_value, latest_gain_price_currency, created_on, updated_on) VALUES (9, 9, 'LONG', 1, 'BTC/USDT', 0.00100000, 'BTC', 4, 15, 'OPENED', 13, NULL, 55048.30000000, 'USDT', 57744.90000000, 'USDT', 57258.40000000, 'USDT', '2021-03-12 02:19:27.744647', '2021-03-12 22:51:36.937079');
INSERT INTO positions (id, position_id, type, fk_strategy_id, currency_pair, amount_value, amount_currency, rules_stop_gain_percentage, rules_stop_loss_percentage, status, fk_opening_order_id, fk_closing_order_id, lowest_gain_price_value, lowest_gain_price_currency, highest_gain_price_value, highest_gain_price_currency, latest_gain_price_value, latest_gain_price_currency, created_on, updated_on) VALUES (11, 11, 'LONG', 1, 'BTC/USDT', 0.00100000, 'BTC', 4, 15, 'OPENED', 15, NULL, 55048.30000000, 'USDT', 57744.90000000, 'USDT', 57258.40000000, 'USDT', '2021-03-12 04:19:31.755846', '2021-03-12 22:51:36.814778');
INSERT INTO positions (id, position_id, type, fk_strategy_id, currency_pair, amount_value, amount_currency, rules_stop_gain_percentage, rules_stop_loss_percentage, status, fk_opening_order_id, fk_closing_order_id, lowest_gain_price_value, lowest_gain_price_currency, highest_gain_price_value, highest_gain_price_currency, latest_gain_price_value, latest_gain_price_currency, created_on, updated_on) VALUES (23, 23, 'LONG', 1, 'BTC/USDT', 0.00100000, 'BTC', 4, 15, 'OPENED', 27, NULL, 56283.80000000, 'USDT', 57657.40000000, 'USDT', 57258.40000000, 'USDT', '2021-03-12 17:52:09.250822', '2021-03-12 22:51:36.821993');
INSERT INTO positions (id, position_id, type, fk_strategy_id, currency_pair, amount_value, amount_currency, rules_stop_gain_percentage, rules_stop_loss_percentage, status, fk_opening_order_id, fk_closing_order_id, lowest_gain_price_value, lowest_gain_price_currency, highest_gain_price_value, highest_gain_price_currency, latest_gain_price_value, latest_gain_price_currency, created_on, updated_on) VALUES (6, 6, 'SHORT', 1, 'BTC/USDT', 0.00100000, 'BTC', 4, 15, 'OPENED', 10, NULL, 57905.00000000, 'USDT', 57867.50000000, 'USDT', 57258.40000000, 'USDT', '2021-03-11 22:58:34.202044', '2021-03-12 22:51:36.828151');
INSERT INTO positions (id, position_id, type, fk_strategy_id, currency_pair, amount_value, amount_currency, rules_stop_gain_percentage, rules_stop_loss_percentage, status, fk_opening_order_id, fk_closing_order_id, lowest_gain_price_value, lowest_gain_price_currency, highest_gain_price_value, highest_gain_price_currency, latest_gain_price_value, latest_gain_price_currency, created_on, updated_on) VALUES (14, 14, 'LONG', 1, 'BTC/USDT', 0.00100000, 'BTC', 4, 15, 'OPENED', 18, NULL, 55048.30000000, 'USDT', 57744.90000000, 'USDT', 57258.40000000, 'USDT', '2021-03-12 07:19:38.001382', '2021-03-12 22:51:36.834069');
INSERT INTO positions (id, position_id, type, fk_strategy_id, currency_pair, amount_value, amount_currency, rules_stop_gain_percentage, rules_stop_loss_percentage, status, fk_opening_order_id, fk_closing_order_id, lowest_gain_price_value, lowest_gain_price_currency, highest_gain_price_value, highest_gain_price_currency, latest_gain_price_value, latest_gain_price_currency, created_on, updated_on) VALUES (20, 20, 'LONG', 1, 'BTC/USDT', 0.00100000, 'BTC', 4, 15, 'OPENED', 24, NULL, 55048.30000000, 'USDT', 57744.90000000, 'USDT', 57258.40000000, 'USDT', '2021-03-12 13:19:43.044191', '2021-03-12 22:51:36.840319');
INSERT INTO positions (id, position_id, type, fk_strategy_id, currency_pair, amount_value, amount_currency, rules_stop_gain_percentage, rules_stop_loss_percentage, status, fk_opening_order_id, fk_closing_order_id, lowest_gain_price_value, lowest_gain_price_currency, highest_gain_price_value, highest_gain_price_currency, latest_gain_price_value, latest_gain_price_currency, created_on, updated_on) VALUES (19, 19, 'LONG', 1, 'BTC/USDT', 0.00100000, 'BTC', 4, 15, 'OPENED', 23, NULL, 55048.30000000, 'USDT', 57744.90000000, 'USDT', 57258.40000000, 'USDT', '2021-03-12 12:19:43.395044', '2021-03-12 22:51:36.846509');
INSERT INTO positions (id, position_id, type, fk_strategy_id, currency_pair, amount_value, amount_currency, rules_stop_gain_percentage, rules_stop_loss_percentage, status, fk_opening_order_id, fk_closing_order_id, lowest_gain_price_value, lowest_gain_price_currency, highest_gain_price_value, highest_gain_price_currency, latest_gain_price_value, latest_gain_price_currency, created_on, updated_on) VALUES (10, 10, 'LONG', 1, 'BTC/USDT', 0.00100000, 'BTC', 4, 15, 'OPENED', 14, NULL, 55048.30000000, 'USDT', 57744.90000000, 'USDT', 57258.40000000, 'USDT', '2021-03-12 03:19:29.123253', '2021-03-12 22:51:36.853349');
INSERT INTO positions (id, position_id, type, fk_strategy_id, currency_pair, amount_value, amount_currency, rules_stop_gain_percentage, rules_stop_loss_percentage, status, fk_opening_order_id, fk_closing_order_id, lowest_gain_price_value, lowest_gain_price_currency, highest_gain_price_value, highest_gain_price_currency, latest_gain_price_value, latest_gain_price_currency, created_on, updated_on) VALUES (17, 17, 'LONG', 1, 'BTC/USDT', 0.00100000, 'BTC', 4, 15, 'OPENED', 21, NULL, 55048.30000000, 'USDT', 57744.90000000, 'USDT', 57258.40000000, 'USDT', '2021-03-12 10:19:41.885838', '2021-03-12 22:51:36.859539');
INSERT INTO positions (id, position_id, type, fk_strategy_id, currency_pair, amount_value, amount_currency, rules_stop_gain_percentage, rules_stop_loss_percentage, status, fk_opening_order_id, fk_closing_order_id, lowest_gain_price_value, lowest_gain_price_currency, highest_gain_price_value, highest_gain_price_currency, latest_gain_price_value, latest_gain_price_currency, created_on, updated_on) VALUES (16, 16, 'LONG', 1, 'BTC/USDT', 0.00100000, 'BTC', 4, 15, 'OPENED', 20, NULL, 55048.30000000, 'USDT', 57744.90000000, 'USDT', 57258.40000000, 'USDT', '2021-03-12 09:19:39.321426', '2021-03-12 22:51:36.866657');
INSERT INTO positions (id, position_id, type, fk_strategy_id, currency_pair, amount_value, amount_currency, rules_stop_gain_percentage, rules_stop_loss_percentage, status, fk_opening_order_id, fk_closing_order_id, lowest_gain_price_value, lowest_gain_price_currency, highest_gain_price_value, highest_gain_price_currency, latest_gain_price_value, latest_gain_price_currency, created_on, updated_on) VALUES (2, 2, 'LONG', 1, 'BTC/USDT', 0.00100000, 'BTC', 4, 15, 'OPENED', 2, NULL, 54277.30000000, 'USDT', 58122.10000000, 'USDT', 57258.40000000, 'USDT', '2021-03-11 04:26:41.115709', '2021-03-12 22:51:36.874372');
INSERT INTO positions (id, position_id, type, fk_strategy_id, currency_pair, amount_value, amount_currency, rules_stop_gain_percentage, rules_stop_loss_percentage, status, fk_opening_order_id, fk_closing_order_id, lowest_gain_price_value, lowest_gain_price_currency, highest_gain_price_value, highest_gain_price_currency, latest_gain_price_value, latest_gain_price_currency, created_on, updated_on) VALUES (13, 13, 'SHORT', 1, 'BTC/USDT', 0.00100000, 'BTC', 4, 15, 'OPENED', 17, NULL, 57163.80000000, 'USDT', 57163.70000000, 'USDT', 57258.40000000, 'USDT', '2021-03-12 06:19:34.845936', '2021-03-12 22:51:36.892393');
INSERT INTO positions (id, position_id, type, fk_strategy_id, currency_pair, amount_value, amount_currency, rules_stop_gain_percentage, rules_stop_loss_percentage, status, fk_opening_order_id, fk_closing_order_id, lowest_gain_price_value, lowest_gain_price_currency, highest_gain_price_value, highest_gain_price_currency, latest_gain_price_value, latest_gain_price_currency, created_on, updated_on) VALUES (21, 21, 'LONG', 1, 'BTC/USDT', 0.00100000, 'BTC', 4, 15, 'OPENED', 25, NULL, 55553.70000000, 'USDT', 57744.90000000, 'USDT', 57258.40000000, 'USDT', '2021-03-12 14:19:45.702473', '2021-03-12 22:51:36.900107');
INSERT INTO positions (id, position_id, type, fk_strategy_id, currency_pair, amount_value, amount_currency, rules_stop_gain_percentage, rules_stop_loss_percentage, status, fk_opening_order_id, fk_closing_order_id, lowest_gain_price_value, lowest_gain_price_currency, highest_gain_price_value, highest_gain_price_currency, latest_gain_price_value, latest_gain_price_currency, created_on, updated_on) VALUES (18, 18, 'LONG', 1, 'BTC/USDT', 0.00100000, 'BTC', 4, 15, 'OPENED', 22, NULL, 55048.30000000, 'USDT', 57744.90000000, 'USDT', 57258.40000000, 'USDT', '2021-03-12 11:19:40.978882', '2021-03-12 22:51:36.908025');
INSERT INTO positions (id, position_id, type, fk_strategy_id, currency_pair, amount_value, amount_currency, rules_stop_gain_percentage, rules_stop_loss_percentage, status, fk_opening_order_id, fk_closing_order_id, lowest_gain_price_value, lowest_gain_price_currency, highest_gain_price_value, highest_gain_price_currency, latest_gain_price_value, latest_gain_price_currency, created_on, updated_on) VALUES (25, 25, 'LONG', 1, 'BTC/USDT', 0.00100000, 'BTC', 4, 15, 'OPENED', 29, NULL, 56280.40000000, 'USDT', 57432.50000000, 'USDT', 57258.40000000, 'USDT', '2021-03-12 19:52:13.945253', '2021-03-12 22:51:36.915259');
INSERT INTO positions (id, position_id, type, fk_strategy_id, currency_pair, amount_value, amount_currency, rules_stop_gain_percentage, rules_stop_loss_percentage, status, fk_opening_order_id, fk_closing_order_id, lowest_gain_price_value, lowest_gain_price_currency, highest_gain_price_value, highest_gain_price_currency, latest_gain_price_value, latest_gain_price_currency, created_on, updated_on) VALUES (15, 15, 'LONG', 1, 'BTC/USDT', 0.00100000, 'BTC', 4, 15, 'OPENED', 19, NULL, 55048.30000000, 'USDT', 57746.00000000, 'USDT', 57258.40000000, 'USDT', '2021-03-12 08:19:39.831184', '2021-03-12 22:51:36.921997');
INSERT INTO positions (id, position_id, type, fk_strategy_id, currency_pair, amount_value, amount_currency, rules_stop_gain_percentage, rules_stop_loss_percentage, status, fk_opening_order_id, fk_closing_order_id, lowest_gain_price_value, lowest_gain_price_currency, highest_gain_price_value, highest_gain_price_currency, latest_gain_price_value, latest_gain_price_currency, created_on, updated_on) VALUES (3, 3, 'LONG', 1, 'BTC/USDT', 0.00100000, 'BTC', 4, 15, 'CLOSED', 3, 8, 54277.30000000, 'USDT', 57767.00000000, 'USDT', 57780.80000000, 'USDT', '2021-03-11 05:26:42.86177', '2021-03-11 21:04:38.376435');
INSERT INTO positions (id, position_id, type, fk_strategy_id, currency_pair, amount_value, amount_currency, rules_stop_gain_percentage, rules_stop_loss_percentage, status, fk_opening_order_id, fk_closing_order_id, lowest_gain_price_value, lowest_gain_price_currency, highest_gain_price_value, highest_gain_price_currency, latest_gain_price_value, latest_gain_price_currency, created_on, updated_on) VALUES (5, 5, 'LONG', 1, 'BTC/USDT', 0.00100000, 'BTC', 4, 15, 'CLOSED', 5, 9, 54277.30000000, 'USDT', 57902.90000000, 'USDT', 57936.10000000, 'USDT', '2021-03-11 07:26:45.668162', '2021-03-11 23:19:26.988012');
INSERT INTO positions (id, position_id, type, fk_strategy_id, currency_pair, amount_value, amount_currency, rules_stop_gain_percentage, rules_stop_loss_percentage, status, fk_opening_order_id, fk_closing_order_id, lowest_gain_price_value, lowest_gain_price_currency, highest_gain_price_value, highest_gain_price_currency, latest_gain_price_value, latest_gain_price_currency, created_on, updated_on) VALUES (4, 4, 'LONG', 1, 'BTC/USDT', 0.00100000, 'BTC', 4, 15, 'CLOSED', 4, 7, 54277.30000000, 'USDT', 57739.60000000, 'USDT', 57765.90000000, 'USDT', '2021-03-11 06:26:43.521304', '2021-03-11 21:04:27.452184');
INSERT INTO positions (id, position_id, type, fk_strategy_id, currency_pair, amount_value, amount_currency, rules_stop_gain_percentage, rules_stop_loss_percentage, status, fk_opening_order_id, fk_closing_order_id, lowest_gain_price_value, lowest_gain_price_currency, highest_gain_price_value, highest_gain_price_currency, latest_gain_price_value, latest_gain_price_currency, created_on, updated_on) VALUES (8, 8, 'LONG', 1, 'BTC/USDT', 0.00100000, 'BTC', 4, 15, 'OPENED', 12, NULL, 55048.30000000, 'USDT', 57744.90000000, 'USDT', 57258.40000000, 'USDT', '2021-03-12 01:19:26.608941', '2021-03-12 22:51:36.944135');
INSERT INTO positions (id, position_id, type, fk_strategy_id, currency_pair, amount_value, amount_currency, rules_stop_gain_percentage, rules_stop_loss_percentage, status, fk_opening_order_id, fk_closing_order_id, lowest_gain_price_value, lowest_gain_price_currency, highest_gain_price_value, highest_gain_price_currency, latest_gain_price_value, latest_gain_price_currency, created_on, updated_on) VALUES (22, 22, 'LONG', 1, 'BTC/USDT', 0.00100000, 'BTC', 4, 15, 'OPENED', 26, NULL, 56187.50000000, 'USDT', 57746.00000000, 'USDT', 57258.40000000, 'USDT', '2021-03-12 15:19:47.772614', '2021-03-12 22:51:36.951566');
INSERT INTO positions (id, position_id, type, fk_strategy_id, currency_pair, amount_value, amount_currency, rules_stop_gain_percentage, rules_stop_loss_percentage, status, fk_opening_order_id, fk_closing_order_id, lowest_gain_price_value, lowest_gain_price_currency, highest_gain_price_value, highest_gain_price_currency, latest_gain_price_value, latest_gain_price_currency, created_on, updated_on) VALUES (12, 12, 'LONG', 1, 'BTC/USDT', 0.00100000, 'BTC', 4, 15, 'OPENED', 16, NULL, 55048.30000000, 'USDT', 57744.90000000, 'USDT', 57258.40000000, 'USDT', '2021-03-12 05:19:34.147666', '2021-03-12 22:51:36.958322');
INSERT INTO positions (id, position_id, type, fk_strategy_id, currency_pair, amount_value, amount_currency, rules_stop_gain_percentage, rules_stop_loss_percentage, status, fk_opening_order_id, fk_closing_order_id, lowest_gain_price_value, lowest_gain_price_currency, highest_gain_price_value, highest_gain_price_currency, latest_gain_price_value, latest_gain_price_currency, created_on, updated_on) VALUES (24, 24, 'SHORT', 1, 'BTC/USDT', 0.00100000, 'BTC', 4, 15, 'OPENED', 28, NULL, 57553.50000000, 'USDT', 57533.20000000, 'USDT', 57258.40000000, 'USDT', '2021-03-12 18:52:12.700034', '2021-03-12 22:51:36.964799');


--
-- Data for Name: trades; Type: TABLE DATA; Schema: public; Owner: postgres
--

INSERT INTO trades (id, trade_id, type, fk_order_id, currency_pair, amount_value, amount_currency, price_value, price_currency, fee_value, fee_currency, user_reference, timestamp, created_on, updated_on) VALUES (1, '604971cc2e113d29232a4899', 'BID', 1, 'BTC/USDT', 0.00100000, 'BTC', 55247.60000000, 'USDT', 0.05524760, 'USDT', NULL, '2021-03-11 01:26:36', '2021-03-11 01:26:41.271923', NULL);
INSERT INTO trades (id, trade_id, type, fk_order_id, currency_pair, amount_value, amount_currency, price_value, price_currency, fee_value, fee_currency, user_reference, timestamp, created_on, updated_on) VALUES (2, '60499c012e113d29234813e2', 'BID', 2, 'BTC/USDT', 0.00100000, 'BTC', 55928.20000000, 'USDT', 0.05592820, 'USDT', NULL, '2021-03-11 04:26:41', '2021-03-11 04:26:44.642607', NULL);
INSERT INTO trades (id, trade_id, type, fk_order_id, currency_pair, amount_value, amount_currency, price_value, price_currency, fee_value, fee_currency, user_reference, timestamp, created_on, updated_on) VALUES (3, '6049aa122e113d292351158c', 'BID', 3, 'BTC/USDT', 0.00100000, 'BTC', 55549.80000000, 'USDT', 0.05554980, 'USDT', NULL, '2021-03-11 05:26:42', '2021-03-11 05:26:48.114429', NULL);
INSERT INTO trades (id, trade_id, type, fk_order_id, currency_pair, amount_value, amount_currency, price_value, price_currency, fee_value, fee_currency, user_reference, timestamp, created_on, updated_on) VALUES (4, '6049b8232e113d292359e7be', 'BID', 4, 'BTC/USDT', 0.00100000, 'BTC', 55537.90000000, 'USDT', 0.05553790, 'USDT', NULL, '2021-03-11 06:26:43', '2021-03-11 06:26:49.410716', NULL);
INSERT INTO trades (id, trade_id, type, fk_order_id, currency_pair, amount_value, amount_currency, price_value, price_currency, fee_value, fee_currency, user_reference, timestamp, created_on, updated_on) VALUES (5, '6049c6352e113d29236300c2', 'BID', 5, 'BTC/USDT', 0.00100000, 'BTC', 55705.90000000, 'USDT', 0.05570590, 'USDT', NULL, '2021-03-11 07:26:45', '2021-03-11 07:26:49.089263', NULL);
INSERT INTO trades (id, trade_id, type, fk_order_id, currency_pair, amount_value, amount_currency, price_value, price_currency, fee_value, fee_currency, user_reference, timestamp, created_on, updated_on) VALUES (6, '604a64092e113d2923aa2fc4', 'ASK', 6, 'BTC/USDT', 0.00100000, 'BTC', 57469.60000000, 'USDT', 0.05746960, 'USDT', NULL, '2021-03-11 18:40:09', '2021-03-11 18:40:17.739205', NULL);
INSERT INTO trades (id, trade_id, type, fk_order_id, currency_pair, amount_value, amount_currency, price_value, price_currency, fee_value, fee_currency, user_reference, timestamp, created_on, updated_on) VALUES (7, '604a85d52e113d2923bdaaf9', 'ASK', 7, 'BTC/USDT', 0.00050000, 'BTC', 57767.00000000, 'USDT', 0.02888350, 'USDT', NULL, '2021-03-11 21:04:22', '2021-03-11 21:04:25.431688', NULL);
INSERT INTO trades (id, trade_id, type, fk_order_id, currency_pair, amount_value, amount_currency, price_value, price_currency, fee_value, fee_currency, user_reference, timestamp, created_on, updated_on) VALUES (8, '604a85d52e113d2923bdaaf8', 'ASK', 7, 'BTC/USDT', 0.00050000, 'BTC', 57767.00000000, 'USDT', 0.02888350, 'USDT', NULL, '2021-03-11 21:04:22', '2021-03-11 21:04:27.431312', NULL);
INSERT INTO trades (id, trade_id, type, fk_order_id, currency_pair, amount_value, amount_currency, price_value, price_currency, fee_value, fee_currency, user_reference, timestamp, created_on, updated_on) VALUES (9, '604a85e02e113d2923bdb246', 'ASK', 8, 'BTC/USDT', 0.00050000, 'BTC', 57792.00000000, 'USDT', 0.02889600, 'USDT', NULL, '2021-03-11 21:04:32', '2021-03-11 21:04:38.072642', NULL);
INSERT INTO trades (id, trade_id, type, fk_order_id, currency_pair, amount_value, amount_currency, price_value, price_currency, fee_value, fee_currency, user_reference, timestamp, created_on, updated_on) VALUES (10, '604a85e02e113d2923bdb245', 'ASK', 8, 'BTC/USDT', 0.00050000, 'BTC', 57792.00000000, 'USDT', 0.02889600, 'USDT', NULL, '2021-03-11 21:04:32', '2021-03-11 21:04:38.354792', NULL);
INSERT INTO trades (id, trade_id, type, fk_order_id, currency_pair, amount_value, amount_currency, price_value, price_currency, fee_value, fee_currency, user_reference, timestamp, created_on, updated_on) VALUES (13, '604aa09a2e113d2923cdcb4d', 'ASK', 10, 'BTC/USDT', 0.00100000, 'BTC', 57900.80000000, 'USDT', 0.05790080, 'USDT', NULL, '2021-03-11 22:58:34', '2021-03-11 23:19:26.965175', NULL);
INSERT INTO trades (id, trade_id, type, fk_order_id, currency_pair, amount_value, amount_currency, price_value, price_currency, fee_value, fee_currency, user_reference, timestamp, created_on, updated_on) VALUES (17, '604ac19e2e113d2923e4005f', 'BID', 12, 'BTC/USDT', 0.00045861, 'BTC', 57432.20000000, 'USDT', 0.02633898, 'USDT', NULL, '2021-03-12 01:19:26', '2021-03-12 01:19:34.130186', '2021-03-12 22:51:38.050786');
INSERT INTO trades (id, trade_id, type, fk_order_id, currency_pair, amount_value, amount_currency, price_value, price_currency, fee_value, fee_currency, user_reference, timestamp, created_on, updated_on) VALUES (27, '604b322b2e113d292325834b', 'BID', 20, 'BTC/USDT', 0.00050000, 'BTC', 56603.00000000, 'USDT', 0.02830150, 'USDT', NULL, '2021-03-12 09:19:39', '2021-03-12 09:19:43.125147', NULL);
INSERT INTO trades (id, trade_id, type, fk_order_id, currency_pair, amount_value, amount_currency, price_value, price_currency, fee_value, fee_currency, user_reference, timestamp, created_on, updated_on) VALUES (31, '604b6a6e2e113d29234c144c', 'BID', 24, 'BTC/USDT', 0.00028805, 'BTC', 55900.10000000, 'USDT', 0.01610202, 'USDT', NULL, '2021-03-12 13:19:43', '2021-03-12 13:19:44.452368', '2021-03-12 22:51:38.057828');
INSERT INTO trades (id, trade_id, type, fk_order_id, currency_pair, amount_value, amount_currency, price_value, price_currency, fee_value, fee_currency, user_reference, timestamp, created_on, updated_on) VALUES (25, '604b241b2e113d29231c9af8', 'BID', 19, 'BTC/USDT', 0.00100000, 'BTC', 56574.80000000, 'USDT', 0.05657480, 'USDT', NULL, '2021-03-12 08:19:39', '2021-03-12 08:19:45.153419', NULL);
INSERT INTO trades (id, trade_id, type, fk_order_id, currency_pair, amount_value, amount_currency, price_value, price_currency, fee_value, fee_currency, user_reference, timestamp, created_on, updated_on) VALUES (28, '604b403d2e113d29232d66b9', 'BID', 21, 'BTC/USDT', 0.00100000, 'BTC', 56169.50000000, 'USDT', 0.05616950, 'USDT', NULL, '2021-03-12 10:19:41', '2021-03-12 10:19:49.727549', NULL);
INSERT INTO trades (id, trade_id, type, fk_order_id, currency_pair, amount_value, amount_currency, price_value, price_currency, fee_value, fee_currency, user_reference, timestamp, created_on, updated_on) VALUES (21, '604af9e62e113d292302e3d5', 'BID', 16, 'BTC/USDT', 0.00050000, 'BTC', 56510.40000000, 'USDT', 0.02825520, 'USDT', NULL, '2021-03-12 05:19:34', '2021-03-12 05:19:41.532435', NULL);
INSERT INTO trades (id, trade_id, type, fk_order_id, currency_pair, amount_value, amount_currency, price_value, price_currency, fee_value, fee_currency, user_reference, timestamp, created_on, updated_on) VALUES (22, '604af9e62e113d292302e3d4', 'BID', 16, 'BTC/USDT', 0.00050000, 'BTC', 56510.40000000, 'USDT', 0.02825520, 'USDT', NULL, '2021-03-12 05:19:34', '2021-03-12 05:19:41.538785', NULL);
INSERT INTO trades (id, trade_id, type, fk_order_id, currency_pair, amount_value, amount_currency, price_value, price_currency, fee_value, fee_currency, user_reference, timestamp, created_on, updated_on) VALUES (30, '604b5c5f2e113d2923409bc3', 'BID', 23, 'BTC/USDT', 0.00100000, 'BTC', 56390.50000000, 'USDT', 0.05639050, 'USDT', NULL, '2021-03-12 12:19:43', '2021-03-12 12:19:52.421128', NULL);
INSERT INTO trades (id, trade_id, type, fk_order_id, currency_pair, amount_value, amount_currency, price_value, price_currency, fee_value, fee_currency, user_reference, timestamp, created_on, updated_on) VALUES (20, '604aebd32e113d2923fbf4d8', 'BID', 15, 'BTC/USDT', 0.00100000, 'BTC', 56750.00000000, 'USDT', 0.05675000, 'USDT', NULL, '2021-03-12 04:19:31', '2021-03-12 04:19:35.18183', NULL);
INSERT INTO trades (id, trade_id, type, fk_order_id, currency_pair, amount_value, amount_currency, price_value, price_currency, fee_value, fee_currency, user_reference, timestamp, created_on, updated_on) VALUES (11, '604a97d22e113d2923c81e7d', 'ASK', 9, 'BTC/USDT', 0.00055804, 'BTC', 57944.10000000, 'USDT', 0.03233513, 'USDT', NULL, '2021-03-11 22:21:06', '2021-03-11 23:19:26.801551', '2021-03-12 22:21:07.213855');
INSERT INTO trades (id, trade_id, type, fk_order_id, currency_pair, amount_value, amount_currency, price_value, price_currency, fee_value, fee_currency, user_reference, timestamp, created_on, updated_on) VALUES (12, '604a97d22e113d2923c81e7c', 'ASK', 9, 'BTC/USDT', 0.00044196, 'BTC', 57944.10000000, 'USDT', 0.02560897, 'USDT', NULL, '2021-03-11 22:21:06', '2021-03-11 23:19:26.902721', '2021-03-12 22:21:07.220899');
INSERT INTO trades (id, trade_id, type, fk_order_id, currency_pair, amount_value, amount_currency, price_value, price_currency, fee_value, fee_currency, user_reference, timestamp, created_on, updated_on) VALUES (35, '604b86932e113d292364d812', 'BID', 26, 'BTC/USDT', 0.00050000, 'BTC', 56331.30000000, 'USDT', 0.02816565, 'USDT', NULL, '2021-03-12 15:19:47', '2021-03-12 15:19:53.152717', NULL);
INSERT INTO trades (id, trade_id, type, fk_order_id, currency_pair, amount_value, amount_currency, price_value, price_currency, fee_value, fee_currency, user_reference, timestamp, created_on, updated_on) VALUES (36, '604b86932e113d292364d811', 'BID', 26, 'BTC/USDT', 0.00050000, 'BTC', 56331.30000000, 'USDT', 0.02816565, 'USDT', NULL, '2021-03-12 15:19:47', '2021-03-12 15:19:55.895266', NULL);
INSERT INTO trades (id, trade_id, type, fk_order_id, currency_pair, amount_value, amount_currency, price_value, price_currency, fee_value, fee_currency, user_reference, timestamp, created_on, updated_on) VALUES (37, '604baa492e113d29237f0ee2', 'BID', 27, 'BTC/USDT', 0.00100000, 'BTC', 57288.10000000, 'USDT', 0.05728810, 'USDT', NULL, '2021-03-12 17:52:09', '2021-03-12 17:52:12.760905', NULL);
INSERT INTO trades (id, trade_id, type, fk_order_id, currency_pair, amount_value, amount_currency, price_value, price_currency, fee_value, fee_currency, user_reference, timestamp, created_on, updated_on) VALUES (18, '604acfaf2e113d2923ed0f5b', 'BID', 13, 'BTC/USDT', 0.00100000, 'BTC', 56889.40000000, 'USDT', 0.05688940, 'USDT', NULL, '2021-03-12 02:19:27', '2021-03-12 02:19:35.818035', NULL);
INSERT INTO trades (id, trade_id, type, fk_order_id, currency_pair, amount_value, amount_currency, price_value, price_currency, fee_value, fee_currency, user_reference, timestamp, created_on, updated_on) VALUES (23, '604b07f62e113d29230b52cb', 'ASK', 17, 'BTC/USDT', 0.00100000, 'BTC', 57163.70000000, 'USDT', 0.05716370, 'USDT', NULL, '2021-03-12 06:19:34', '2021-03-12 06:19:40.21861', NULL);
INSERT INTO trades (id, trade_id, type, fk_order_id, currency_pair, amount_value, amount_currency, price_value, price_currency, fee_value, fee_currency, user_reference, timestamp, created_on, updated_on) VALUES (19, '604addc12e113d2923f43849', 'BID', 14, 'BTC/USDT', 0.00100000, 'BTC', 56896.80000000, 'USDT', 0.05689680, 'USDT', NULL, '2021-03-12 03:19:29', '2021-03-12 03:19:34.550743', NULL);
INSERT INTO trades (id, trade_id, type, fk_order_id, currency_pair, amount_value, amount_currency, price_value, price_currency, fee_value, fee_currency, user_reference, timestamp, created_on, updated_on) VALUES (26, '604b322b2e113d292325834a', 'BID', 20, 'BTC/USDT', 0.00050000, 'BTC', 56603.00000000, 'USDT', 0.02830150, 'USDT', NULL, '2021-03-12 09:19:39', '2021-03-12 09:19:41.084742', NULL);
INSERT INTO trades (id, trade_id, type, fk_order_id, currency_pair, amount_value, amount_currency, price_value, price_currency, fee_value, fee_currency, user_reference, timestamp, created_on, updated_on) VALUES (14, '604ab38e2e113d2923d9e9c4', 'BID', 11, 'BTC/USDT', 0.00050000, 'BTC', 57721.70000000, 'USDT', 0.02886085, 'USDT', NULL, '2021-03-12 00:19:26', '2021-03-12 00:19:29.310184', NULL);
INSERT INTO trades (id, trade_id, type, fk_order_id, currency_pair, amount_value, amount_currency, price_value, price_currency, fee_value, fee_currency, user_reference, timestamp, created_on, updated_on) VALUES (15, '604ab38e2e113d2923d9e9c3', 'BID', 11, 'BTC/USDT', 0.00050000, 'BTC', 57716.80000000, 'USDT', 0.02885840, 'USDT', NULL, '2021-03-12 00:19:26', '2021-03-12 00:19:29.31774', NULL);
INSERT INTO trades (id, trade_id, type, fk_order_id, currency_pair, amount_value, amount_currency, price_value, price_currency, fee_value, fee_currency, user_reference, timestamp, created_on, updated_on) VALUES (29, '604b4e4c2e113d2923379f88', 'BID', 22, 'BTC/USDT', 0.00100000, 'BTC', 56846.00000000, 'USDT', 0.05684600, 'USDT', NULL, '2021-03-12 11:19:40', '2021-03-12 11:19:44.693509', NULL);
INSERT INTO trades (id, trade_id, type, fk_order_id, currency_pair, amount_value, amount_currency, price_value, price_currency, fee_value, fee_currency, user_reference, timestamp, created_on, updated_on) VALUES (16, '604ac19e2e113d2923e40060', 'BID', 12, 'BTC/USDT', 0.00054139, 'BTC', 57432.20000000, 'USDT', 0.03109322, 'USDT', NULL, '2021-03-12 01:19:26', '2021-03-12 01:19:34.122493', '2021-03-12 22:51:38.042048');
INSERT INTO trades (id, trade_id, type, fk_order_id, currency_pair, amount_value, amount_currency, price_value, price_currency, fee_value, fee_currency, user_reference, timestamp, created_on, updated_on) VALUES (24, '604b16092e113d2923131074', 'BID', 18, 'BTC/USDT', 0.00100000, 'BTC', 56745.10000000, 'USDT', 0.05674510, 'USDT', NULL, '2021-03-12 07:19:38', '2021-03-12 07:19:43.3185', NULL);
INSERT INTO trades (id, trade_id, type, fk_order_id, currency_pair, amount_value, amount_currency, price_value, price_currency, fee_value, fee_currency, user_reference, timestamp, created_on, updated_on) VALUES (38, '604bb85c2e113d29238720cc', 'ASK', 28, 'BTC/USDT', 0.00100000, 'BTC', 57539.40000000, 'USDT', 0.05753940, 'USDT', NULL, '2021-03-12 18:52:12', '2021-03-12 18:52:18.553411', NULL);
INSERT INTO trades (id, trade_id, type, fk_order_id, currency_pair, amount_value, amount_currency, price_value, price_currency, fee_value, fee_currency, user_reference, timestamp, created_on, updated_on) VALUES (34, '604b78812e113d292359e060', 'BID', 25, 'BTC/USDT', 0.00100000, 'BTC', 55559.50000000, 'USDT', 0.05555950, 'USDT', NULL, '2021-03-12 14:19:45', '2021-03-12 14:19:51.123561', NULL);
INSERT INTO trades (id, trade_id, type, fk_order_id, currency_pair, amount_value, amount_currency, price_value, price_currency, fee_value, fee_currency, user_reference, timestamp, created_on, updated_on) VALUES (33, '604b6a6e2e113d29234c144b', 'BID', 24, 'BTC/USDT', 0.00013866, 'BTC', 55900.10000000, 'USDT', 0.00775111, 'USDT', NULL, '2021-03-12 13:19:43', '2021-03-12 13:19:50.475419', '2021-03-12 22:51:38.065189');
INSERT INTO trades (id, trade_id, type, fk_order_id, currency_pair, amount_value, amount_currency, price_value, price_currency, fee_value, fee_currency, user_reference, timestamp, created_on, updated_on) VALUES (32, '604b6a6e2e113d29234c144a', 'BID', 24, 'BTC/USDT', 0.00057329, 'BTC', 55900.10000000, 'USDT', 0.03204697, 'USDT', NULL, '2021-03-12 13:19:43', '2021-03-12 13:19:44.458787', '2021-03-12 22:51:38.071234');
INSERT INTO trades (id, trade_id, type, fk_order_id, currency_pair, amount_value, amount_currency, price_value, price_currency, fee_value, fee_currency, user_reference, timestamp, created_on, updated_on) VALUES (39, '604bc66d2e113d292390e6c1', 'BID', 29, 'BTC/USDT', 0.00056647, 'BTC', 57156.70000000, 'USDT', 0.03237756, 'USDT', NULL, '2021-03-12 19:52:13', '2021-03-12 19:52:19.215914', '2021-03-12 22:51:38.077355');
INSERT INTO trades (id, trade_id, type, fk_order_id, currency_pair, amount_value, amount_currency, price_value, price_currency, fee_value, fee_currency, user_reference, timestamp, created_on, updated_on) VALUES (40, '604bc66d2e113d292390e6c0', 'BID', 29, 'BTC/USDT', 0.00036491, 'BTC', 57156.70000000, 'USDT', 0.02085705, 'USDT', NULL, '2021-03-12 19:52:13', '2021-03-12 19:52:19.227696', '2021-03-12 22:51:38.082923');
INSERT INTO trades (id, trade_id, type, fk_order_id, currency_pair, amount_value, amount_currency, price_value, price_currency, fee_value, fee_currency, user_reference, timestamp, created_on, updated_on) VALUES (41, '604bc66d2e113d292390e6bf', 'BID', 29, 'BTC/USDT', 0.00006862, 'BTC', 57156.70000000, 'USDT', 0.00392209, 'USDT', NULL, '2021-03-12 19:52:13', '2021-03-12 19:52:19.238626', '2021-03-12 22:51:38.089694');